{
  "optimal_timing": {
    "组0": {
      "最佳孕周": 18.0,
      "达标率": 1.0,
      "样本数": 360,
      "平均风险": 0.7058373043328848,
      "风险等级": "中等风险"
    },
    "组2": {
      "最佳孕周": 14.0,
      "达标率": 1.0,
      "样本数": 362,
      "平均风险": 1.7534271489637188,
      "风险等级": "高风险"
    },
    "组1": {
      "最佳孕周": 14.0,
      "达标率": 1.0,
      "样本数": 360,
      "平均风险": 1.0121473435871031,
      "风险等级": "高风险"
    }
  },
  "error_impact": {
    "1%误差": {
      "原始达标率": 0.865988909426987,
      "误差后达标率": 0.8548983364140481,
      "影响程度": 0.012806830309498305
    },
    "2%误差": {
      "原始达标率": 0.865988909426987,
      "误差后达标率": 0.8188539741219963,
      "影响程度": 0.05442902881536812
    },
    "5%误差": {
      "原始达标率": 0.865988909426987,
      "误差后达标率": 0.7375231053604436,
      "影响程度": 0.1483457844183564
    },
    "10%误差": {
      "原始达标率": 0.865988909426987,
      "误差后达标率": 0.6358595194085028,
      "影响程度": 0.2657417289220917
    },
    "15%误差": {
      "原始达标率": 0.865988909426987,
      "误差后达标率": 0.5924214417744916,
      "影响程度": 0.31590181430096054
    },
    "20%误差": {
      "原始达标率": 0.865988909426987,
      "误差后达标率": 0.5748613678373382,
      "影响程度": 0.336179295624333
    }
  },
  "cross_validation": {
    "cv_scores": [
      0.8894009216589862,
      0.9032258064516129,
      0.847926267281106,
      0.8894009216589862,
      0.9170506912442397
    ],
    "cv_mean": 0.8894009216589861,
    "cv_std": 0.02313345695485924
  },
  "group_boundaries": [
    [
      20.703125,
      30.66129192
    ],
    [
      30.70313319,
      33.21125884
    ],
    [
      33.21221047,
      46.875
    ]
  ]
}