{
  "version": "v1.3",
  "method": "GMM",
  "means": [
    0.056209163106793296,
    0.09948590761124174
  ],
  "thr_est": 0.11680235960417973,
  "total": 1687,
  "female_selected": 600
}