{
  "version": "v1.3",
  "precision": 0.1728395061728395,
  "recall": 1.0,
  "f1": 0.29473684210526313,
  "roc_auc": 0.9016034985422741,
  "threshold": 0.29475413726792704
}