{
  "version": "v1.3",
  "precision": 0.5555555555555556,
  "recall": 0.7142857142857143,
  "f1": 0.625,
  "roc_auc": 0.9016034985422741,
  "best_threshold": 0.655101867670448
}