{
  "version": "v1.3",
  "best_threshold_f1": 0.655101867670448,
  "recall_priority_threshold": 0.29475413726792704,
  "target_recall": 0.9
}