{
  "version": "v1.4",
  "importance_scores": {
    "model_based": {
      "BMI_category": 0.3614957302517391,
      "GC_variance": 1.7462267075918223,
      "孕周_squared": 0.9139710605923578,
      "anomaly_13": 0.10318715025820416,
      "Z21": 0.3003365644517161,
      "孕周_float": 1.0714188377886902,
      "过滤比例": 0.03894624716304657,
      "Z13": 0.12071799697542548,
      "Z18_abs": 0.0938670241402976,
      "Z_norm_critical": 0.9119436248087133,
      "GC18": 1.213992541369179,
      "Z18": 0.10300763117708717,
      "anomaly_18": 0.07831266117165082,
      "Z13_abs": 0.1781641482603961,
      "GC_range": 14.563325501457054,
      "BMI": 0.16355886362915026,
      "GC_total": 0.012474354376566375,
      "唯一比对率": 0.13623149774886334,
      "Z_max_critical": 0.14551278232010878,
      "Z13_Z18_product": 0.08594098945386688,
      "GC13": 21.8103197546685,
      "GC21": 27.76935286863012,
      "total_anomalies": 0.5861552460619913,
      "Z18_Z21_product": 0.019815775185664453,
      "Z13_Z21_product": 0.2492040584807433,
      "risk_score": 0.6215992401704277
    },
    "permutation": {
      "BMI_category": -0.009166241403611075,
      "GC_variance": 0.09596169000918855,
      "孕周_squared": 0.14683969683969686,
      "anomaly_13": 0.018732628170830434,
      "Z21": 0.0418361662401021,
      "孕周_float": 0.16898412694467851,
      "过滤比例": 0.002051282051282044,
      "Z13": 0.013025218076442158,
      "Z18_abs": 0.03654553176292308,
      "Z_norm_critical": 0.0801738588953235,
      "GC18": 0.17126171323851783,
      "Z18": 0.04460792318711855,
      "anomaly_18": 0.034422288345102234,
      "Z13_abs": 0.00435598883874746,
      "GC_range": 0.29827840430256825,
      "BMI": -0.0064622973925299474,
      "GC_total": 0.0030315784199516525,
      "唯一比对率": 0.014292329575669383,
      "Z_max_critical": 0.035811677494586046,
      "Z13_Z18_product": -0.003365295961644843,
      "GC13": 0.2266172781720493,
      "GC21": 0.22730583108703115,
      "total_anomalies": 0.1179141696386445,
      "Z18_Z21_product": 0.00239700374531836,
      "Z13_Z21_product": 0.029765503478759635,
      "risk_score": 0.1423362080686391
    }
  }
}