分析项目,Pearson相关系数,P值,显著性
Y染色体浓度-孕周相关性,0.11806035178854847,0.00010925028732219985,极显著 (p < 0.001)
Y染色体浓度-BMI相关性,-0.15503602173120884,3.507919314525981e-07,极显著 (p < 0.001)
