mean_fit_time,std_fit_time,mean_score_time,std_score_time,param_clf__C,param_clf__penalty,params,split0_test_score,split1_test_score,split2_test_score,split3_test_score,split4_test_score,mean_test_score,std_test_score,rank_test_score
0.010620641708374023,0.0015124901346624284,0.006478452682495117,0.0014540359322694838,0.1,l1,"{'clf__C': 0.1, 'clf__penalty': 'l1'}",0.36,0.42424242424242425,0.45454545454545453,0.41379310344827586,0.4583333333333333,0.42218286311389763,0.035483889712327056,1
0.010206365585327148,0.0008156782839569744,0.006135988235473633,0.0007284541618488143,0.1,l2,"{'clf__C': 0.1, 'clf__penalty': 'l2'}",0.391304347826087,0.30303030303030304,0.4090909090909091,0.3793103448275862,0.5,0.39654718095497704,0.06313451220939104,7
0.011528348922729493,0.0029453469277842467,0.00677342414855957,0.0016176678306828486,1.0,l1,"{'clf__C': 1.0, 'clf__penalty': 'l1'}",0.38095238095238093,0.29411764705882354,0.42857142857142855,0.4,0.46511627906976744,0.3937515471304801,0.05733258230698161,8
0.01012716293334961,0.0006646720123625065,0.00654444694519043,0.0008478870727180736,1.0,l2,"{'clf__C': 1.0, 'clf__penalty': 'l2'}",0.38095238095238093,0.3125,0.4186046511627907,0.4,0.47619047619047616,0.3976495016611296,0.05318375557667718,6
0.010015487670898438,0.0010639719130999844,0.005766534805297851,0.00040232654780592237,3.0,l1,"{'clf__C': 3.0, 'clf__penalty': 'l1'}",0.38095238095238093,0.3125,0.4186046511627907,0.4074074074074074,0.47619047619047616,0.39913098314261103,0.053331561446128786,5
0.005086565017700195,0.0015225413642331014,0.003629255294799805,0.0010660003624783589,3.0,l2,"{'clf__C': 3.0, 'clf__penalty': 'l2'}",0.38095238095238093,0.3125,0.4090909090909091,0.4074074074074074,0.5,0.4019901394901395,0.06022752332286402,4
0.010646390914916991,0.0055236970509563105,0.005359745025634766,0.002513546246942469,10.0,l1,"{'clf__C': 10.0, 'clf__penalty': 'l1'}",0.38095238095238093,0.3225806451612903,0.4090909090909091,0.4074074074074074,0.5,0.4040062685223976,0.057295430306885706,3
0.009490251541137695,0.001674966474419464,0.007962322235107422,0.0015468161623257144,10.0,l2,"{'clf__C': 10.0, 'clf__penalty': 'l2'}",0.38095238095238093,0.3125,0.4186046511627907,0.41509433962264153,0.5,0.4054302743475627,0.06073811740162352,2
