{
  "version": "v1.3_optimized",
  "importance_scores": {
    "model_based": {
      "孕周_float": 1.0707113604014813,
      "GC_range": 14.671204670086617,
      "total_anomalies": 0.5862102452385429,
      "Z13": 0.12083059091149172,
      "过滤比例": 0.03874086454021592,
      "Z_max_critical": 0.1452847485789811,
      "anomaly_13": 0.10315852005153431,
      "唯一比对率": 0.13636189169897395,
      "Z18_Z21_product": 0.019692179683568192,
      "GC13": 22.002743310186638,
      "Z18": 0.10309606980126497,
      "Z13_Z18_product": 0.08583995008462171,
      "Z18_abs": 0.09383191641340727,
      "BMI_category": 0.36136354403802173,
      "GC21": 27.999879374118585,
      "孕周_squared": 0.9133026981966479,
      "GC_total": 0.012455587523306234,
      "risk_score": 0.6211668538061134,
      "Z13_Z21_product": 0.24929854013324496,
      "Z13_abs": 0.1782300633020999,
      "Z_norm_critical": 0.9113523152407094,
      "GC18": 1.214185896390655,
      "BMI": 0.16371995958259802,
      "anomaly_18": 0.07831797351825318,
      "GC_variance": 1.7500837615165836,
      "Z21": 0.30046639072634285
    },
    "permutation": {
      "孕周_float": 0.16898412694467851,
      "GC_range": 0.29827840430256825,
      "total_anomalies": 0.1179141696386445,
      "Z13": 0.013025218076442158,
      "过滤比例": 0.002051282051282044,
      "Z_max_critical": 0.035811677494586046,
      "anomaly_13": 0.018732628170830434,
      "唯一比对率": 0.014292329575669383,
      "Z18_Z21_product": 0.00239700374531836,
      "GC13": 0.2266172781720493,
      "Z18": 0.04460792318711855,
      "Z13_Z18_product": -0.003365295961644843,
      "Z18_abs": 0.03654553176292308,
      "BMI_category": -0.009166241403611075,
      "GC21": 0.22730583108703115,
      "孕周_squared": 0.14683969683969686,
      "GC_total": 0.0030315784199516525,
      "risk_score": 0.14167655026612416,
      "Z13_Z21_product": 0.029765503478759635,
      "Z13_abs": 0.00435598883874746,
      "Z_norm_critical": 0.0801738588953235,
      "GC18": 0.17126171323851783,
      "BMI": -0.0064622973925299474,
      "anomaly_18": 0.034422288345102234,
      "GC_variance": 0.09596169000918855,
      "Z21": 0.04282111836048513
    }
  }
}