{
  "precision": 0.5555555555555556,
  "recall": 0.7142857142857143,
  "f1": 0.625,
  "roc_auc": 0.8950437317784257,
  "best_threshold": 0.6869799838217802
}