{
  "precision": 0.1794871794871795,
  "recall": 1.0,
  "f1": 0.30434782608695654,
  "roc_auc": 0.8950437317784257,
  "threshold": 0.28864512713474477
}