mean_fit_time,std_fit_time,mean_score_time,std_score_time,param_clf__C,param_clf__penalty,params,split0_test_score,split1_test_score,split2_test_score,split3_test_score,split4_test_score,mean_test_score,std_test_score,rank_test_score
0.010944795608520509,0.0022112954792130875,0.006451082229614258,0.0009819176530348813,0.1,l1,"{'clf__C': 0.1, 'clf__penalty': 'l1'}",0.36,0.42424242424242425,0.45454545454545453,0.41379310344827586,0.4583333333333333,0.42218286311389763,0.035483889712327056,1
0.010346555709838867,0.0013215019321383345,0.006814765930175781,0.0006276037931083046,0.1,l2,"{'clf__C': 0.1, 'clf__penalty': 'l2'}",0.391304347826087,0.30303030303030304,0.4090909090909091,0.3793103448275862,0.5,0.39654718095497704,0.06313451220939104,7
0.009873533248901367,0.00023512470383249914,0.00548396110534668,0.0012145567790134363,1.0,l1,"{'clf__C': 1.0, 'clf__penalty': 'l1'}",0.38095238095238093,0.29411764705882354,0.42857142857142855,0.4,0.46511627906976744,0.3937515471304801,0.05733258230698161,8
0.011177730560302735,0.0032220981200214577,0.0077135562896728516,0.002961418433021313,1.0,l2,"{'clf__C': 1.0, 'clf__penalty': 'l2'}",0.38095238095238093,0.3125,0.4186046511627907,0.4,0.47619047619047616,0.3976495016611296,0.05318375557667718,6
0.009700155258178711,0.000739029859699945,0.005265522003173828,0.00127869412336276,3.0,l1,"{'clf__C': 3.0, 'clf__penalty': 'l1'}",0.38095238095238093,0.3125,0.4186046511627907,0.4074074074074074,0.47619047619047616,0.39913098314261103,0.053331561446128786,5
0.005750226974487305,0.002227467926338345,0.0029349327087402344,0.001405381154096344,3.0,l2,"{'clf__C': 3.0, 'clf__penalty': 'l2'}",0.38095238095238093,0.3125,0.4090909090909091,0.4074074074074074,0.5,0.4019901394901395,0.06022752332286402,4
0.006519412994384766,0.0024332673814241755,0.0044327259063720705,0.0016374332748694026,10.0,l1,"{'clf__C': 10.0, 'clf__penalty': 'l1'}",0.38095238095238093,0.3225806451612903,0.4090909090909091,0.4074074074074074,0.5,0.4040062685223976,0.057295430306885706,3
0.008272123336791993,0.000240613532543594,0.0055523872375488285,0.0007630068719401321,10.0,l2,"{'clf__C': 10.0, 'clf__penalty': 'l2'}",0.38095238095238093,0.3125,0.4186046511627907,0.41509433962264153,0.5,0.4054302743475627,0.06073811740162352,2
